{
	"class_name" : "PinholeCameraParameters",
	"extrinsic" : 
	[
		-0.85387476185052047,
		0.5025268627617332,
		-0.13551621038668157,
		0.0,
		-0.51181167798155924,
		-0.76337901467912384,
		0.39408284183561071,
		0.0,
		0.09458698301784392,
		0.40585617175346783,
		0.90902919122171311,
		0.0,
		1.7321920877839723,
		-1.2321887417538993,
		1.8633146146101267,
		1.0
	],
	"intrinsic" : 
	{
		"height" : 778,
		"intrinsic_matrix" : 
		[
			673.76776414429332,
			0.0,
			0.0,
			0.0,
			673.76776414429332,
			0.0,
			634.0,
			388.5,
			1.0
		],
		"width" : 1269
	},
	"version_major" : 1,
	"version_minor" : 0
}