{
	"class_name" : "PinholeCameraParameters",
	"extrinsic" : 
	[
		-0.20659923292603108,
		0.20782215845510318,
		-0.95609973716628405,
		0.0,
		0.97836643885332086,
		0.033129453505471931,
		-0.20420957527966227,
		0.0,
		-0.010764212922774956,
		-0.97760543664890232,
		-0.21017074476401895,
		0.0,
		-0.048876361143163169,
		2.0471786856979248,
		1.6030893928310239,
		1.0
	],
	"intrinsic" : 
	{
		"height" : 778,
		"intrinsic_matrix" : 
		[
			673.76776414429332,
			0.0,
			0.0,
			0.0,
			673.76776414429332,
			0.0,
			539.5,
			388.5,
			1.0
		],
		"width" : 1080
	},
	"version_major" : 1,
	"version_minor" : 0
}